Date,SKU,Category,Sales,Unit_Price,Cost_Price,Selling_Price,Discount_Pct,Is_Promotion,Is_Holiday,Current_Stock,Lead_Time_Days
2023-01-01,NK-PEGASUS-BLK,Running,294,7999,3800,6799.15,15,1,1,220,14
2023-02-01,NK-PEGASUS-BLK,Running,224,7999,3800,7999.0,0,0,0,220,14
2023-03-01,NK-PEGASUS-BLK,Running,235,7999,3800,7999.0,0,0,0,220,14
2023-04-01,NK-PEGASUS-BLK,Running,203,7999,3800,7999.0,0,0,0,220,14
2023-05-01,NK-PEGASUS-BLK,Running,181,7999,3800,7999.0,0,0,0,220,14
2023-06-01,NK-PEGASUS-BLK,Running,182,7999,3800,7999.0,0,0,0,220,14
2023-07-01,NK-PEGASUS-BLK,Running,245,7999,3800,6799.15,15,1,0,220,14
2023-08-01,NK-PEGASUS-BLK,Running,227,7999,3800,7999.0,0,0,1,220,14
2023-09-01,NK-PEGASUS-BLK,Running,182,7999,3800,7999.0,0,0,0,220,14
2023-10-01,NK-PEGASUS-BLK,Running,251,7999,3800,7999.0,0,0,1,220,14
2023-11-01,NK-PEGASUS-BLK,Running,239,7999,3800,7999.0,0,0,1,220,14
2023-12-01,NK-PEGASUS-BLK,Running,210,7999,3800,7999.0,0,0,1,220,14
2024-01-01,NK-PEGASUS-BLK,Running,303,7999,3800,6799.15,15,1,1,220,14
2024-02-01,NK-PEGASUS-BLK,Running,213,7999,3800,7999.0,0,0,0,220,14
2024-03-01,NK-PEGASUS-BLK,Running,217,7999,3800,7999.0,0,0,0,220,14
2024-04-01,NK-PEGASUS-BLK,Running,188,7999,3800,7999.0,0,0,0,220,14
2024-05-01,NK-PEGASUS-BLK,Running,183,7999,3800,7999.0,0,0,0,220,14
2024-06-01,NK-PEGASUS-BLK,Running,201,7999,3800,7999.0,0,0,0,220,14
2024-07-01,NK-PEGASUS-BLK,Running,224,7999,3800,6799.15,15,1,0,220,14
2024-08-01,NK-PEGASUS-BLK,Running,211,7999,3800,7999.0,0,0,1,220,14
2024-09-01,NK-PEGASUS-BLK,Running,219,7999,3800,7999.0,0,0,0,220,14
2024-10-01,NK-PEGASUS-BLK,Running,253,7999,3800,7999.0,0,0,1,220,14
2024-11-01,NK-PEGASUS-BLK,Running,258,7999,3800,7999.0,0,0,1,220,14
2024-12-01,NK-PEGASUS-BLK,Running,209,7999,3800,7999.0,0,0,1,220,14
2025-01-01,NK-PEGASUS-BLK,Running,305,7999,3800,6799.15,15,1,1,220,14
2025-02-01,NK-PEGASUS-BLK,Running,251,7999,3800,7999.0,0,0,0,220,14
2025-03-01,NK-PEGASUS-BLK,Running,236,7999,3800,7999.0,0,0,0,220,14
2025-04-01,NK-PEGASUS-BLK,Running,212,7999,3800,7999.0,0,0,0,220,14
2025-05-01,NK-PEGASUS-BLK,Running,200,7999,3800,7999.0,0,0,0,220,14
2025-06-01,NK-PEGASUS-BLK,Running,205,7999,3800,7999.0,0,0,0,220,14
2025-07-01,NK-PEGASUS-BLK,Running,240,7999,3800,6799.15,15,1,0,220,14
2025-08-01,NK-PEGASUS-BLK,Running,265,7999,3800,7999.0,0,0,1,220,14
2025-09-01,NK-PEGASUS-BLK,Running,212,7999,3800,7999.0,0,0,0,220,14
2025-10-01,NK-PEGASUS-BLK,Running,254,7999,3800,7999.0,0,0,1,220,14
2025-11-01,NK-PEGASUS-BLK,Running,280,7999,3800,7999.0,0,0,1,220,14
2025-12-01,NK-PEGASUS-BLK,Running,224,7999,3800,7999.0,0,0,1,220,14
2026-01-01,NK-PEGASUS-BLK,Running,327,7999,3800,6799.15,15,1,1,220,14
2026-02-01,NK-PEGASUS-BLK,Running,237,7999,3800,7999.0,0,0,0,220,14
2026-03-01,NK-PEGASUS-BLK,Running,246,7999,3800,7999.0,0,0,0,220,14
2026-04-01,NK-PEGASUS-BLK,Running,222,7999,3800,7999.0,0,0,0,220,14
2026-05-01,NK-PEGASUS-BLK,Running,230,7999,3800,7999.0,0,0,0,220,14
2023-01-01,AD-ULTRABOOST-WHT,Running,254,8999,4200,8099.1,10,1,1,185,14
2023-02-01,AD-ULTRABOOST-WHT,Running,204,8999,4200,8999.0,0,0,0,185,14
2023-03-01,AD-ULTRABOOST-WHT,Running,203,8999,4200,8999.0,0,0,0,185,14
2023-04-01,AD-ULTRABOOST-WHT,Running,144,8999,4200,8999.0,0,0,0,185,14
2023-05-01,AD-ULTRABOOST-WHT,Running,155,8999,4200,8999.0,0,0,0,185,14
2023-06-01,AD-ULTRABOOST-WHT,Running,159,8999,4200,8999.0,0,0,0,185,14
2023-07-01,AD-ULTRABOOST-WHT,Running,180,8999,4200,8999.0,0,0,0,185,14
2023-08-01,AD-ULTRABOOST-WHT,Running,201,8999,4200,8999.0,0,0,1,185,14
2023-09-01,AD-ULTRABOOST-WHT,Running,145,8999,4200,8999.0,0,0,0,185,14
2023-10-01,AD-ULTRABOOST-WHT,Running,228,8999,4200,8999.0,0,0,1,185,14
2023-11-01,AD-ULTRABOOST-WHT,Running,220,8999,4200,8999.0,0,0,1,185,14
2023-12-01,AD-ULTRABOOST-WHT,Running,187,8999,4200,8999.0,0,0,1,185,14
2024-01-01,AD-ULTRABOOST-WHT,Running,272,8999,4200,8099.1,10,1,1,185,14
2024-02-01,AD-ULTRABOOST-WHT,Running,231,8999,4200,8999.0,0,0,0,185,14
2024-03-01,AD-ULTRABOOST-WHT,Running,231,8999,4200,8999.0,0,0,0,185,14
2024-04-01,AD-ULTRABOOST-WHT,Running,164,8999,4200,8999.0,0,0,0,185,14
2024-05-01,AD-ULTRABOOST-WHT,Running,172,8999,4200,8999.0,0,0,0,185,14
2024-06-01,AD-ULTRABOOST-WHT,Running,181,8999,4200,8999.0,0,0,0,185,14
2024-07-01,AD-ULTRABOOST-WHT,Running,191,8999,4200,8999.0,0,0,0,185,14
2024-08-01,AD-ULTRABOOST-WHT,Running,203,8999,4200,8999.0,0,0,1,185,14
2024-09-01,AD-ULTRABOOST-WHT,Running,178,8999,4200,8999.0,0,0,0,185,14
2024-10-01,AD-ULTRABOOST-WHT,Running,222,8999,4200,8999.0,0,0,1,185,14
2024-11-01,AD-ULTRABOOST-WHT,Running,221,8999,4200,8999.0,0,0,1,185,14
2024-12-01,AD-ULTRABOOST-WHT,Running,219,8999,4200,8999.0,0,0,1,185,14
2025-01-01,AD-ULTRABOOST-WHT,Running,294,8999,4200,8099.1,10,1,1,185,14
2025-02-01,AD-ULTRABOOST-WHT,Running,229,8999,4200,8999.0,0,0,0,185,14
2025-03-01,AD-ULTRABOOST-WHT,Running,244,8999,4200,8999.0,0,0,0,185,14
2025-04-01,AD-ULTRABOOST-WHT,Running,192,8999,4200,8999.0,0,0,0,185,14
2025-05-01,AD-ULTRABOOST-WHT,Running,180,8999,4200,8999.0,0,0,0,185,14
2025-06-01,AD-ULTRABOOST-WHT,Running,194,8999,4200,8999.0,0,0,0,185,14
2025-07-01,AD-ULTRABOOST-WHT,Running,210,8999,4200,8999.0,0,0,0,185,14
2025-08-01,AD-ULTRABOOST-WHT,Running,221,8999,4200,8999.0,0,0,1,185,14
2025-09-01,AD-ULTRABOOST-WHT,Running,212,8999,4200,8999.0,0,0,0,185,14
2025-10-01,AD-ULTRABOOST-WHT,Running,214,8999,4200,8999.0,0,0,1,185,14
2025-11-01,AD-ULTRABOOST-WHT,Running,260,8999,4200,8999.0,0,0,1,185,14
2025-12-01,AD-ULTRABOOST-WHT,Running,221,8999,4200,8999.0,0,0,1,185,14
2026-01-01,AD-ULTRABOOST-WHT,Running,284,8999,4200,8099.1,10,1,1,185,14
2026-02-01,AD-ULTRABOOST-WHT,Running,243,8999,4200,8999.0,0,0,0,185,14
2026-03-01,AD-ULTRABOOST-WHT,Running,217,8999,4200,8999.0,0,0,0,185,14
2026-04-01,AD-ULTRABOOST-WHT,Running,196,8999,4200,8999.0,0,0,0,185,14
2026-05-01,AD-ULTRABOOST-WHT,Running,205,8999,4200,8999.0,0,0,0,185,14
2023-01-01,AS-GEL-KAYANO-BLU,Running,268,9499,4600,7599.2,20,1,1,160,21
2023-02-01,AS-GEL-KAYANO-BLU,Running,179,9499,4600,9499.0,0,0,0,160,21
2023-03-01,AS-GEL-KAYANO-BLU,Running,176,9499,4600,9499.0,0,0,0,160,21
2023-04-01,AS-GEL-KAYANO-BLU,Running,136,9499,4600,9499.0,0,0,0,160,21
2023-05-01,AS-GEL-KAYANO-BLU,Running,156,9499,4600,9499.0,0,0,0,160,21
2023-06-01,AS-GEL-KAYANO-BLU,Running,149,9499,4600,9499.0,0,0,0,160,21
2023-07-01,AS-GEL-KAYANO-BLU,Running,139,9499,4600,9499.0,0,0,0,160,21
2023-08-01,AS-GEL-KAYANO-BLU,Running,184,9499,4600,9499.0,0,0,1,160,21
2023-09-01,AS-GEL-KAYANO-BLU,Running,149,9499,4600,9499.0,0,0,0,160,21
2023-10-01,AS-GEL-KAYANO-BLU,Running,217,9499,4600,9499.0,0,0,1,160,21
2023-11-01,AS-GEL-KAYANO-BLU,Running,235,9499,4600,7599.2,20,1,1,160,21
2023-12-01,AS-GEL-KAYANO-BLU,Running,172,9499,4600,9499.0,0,0,1,160,21
2024-01-01,AS-GEL-KAYANO-BLU,Running,256,9499,4600,7599.2,20,1,1,160,21
2024-02-01,AS-GEL-KAYANO-BLU,Running,179,9499,4600,9499.0,0,0,0,160,21
2024-03-01,AS-GEL-KAYANO-BLU,Running,203,9499,4600,9499.0,0,0,0,160,21
2024-04-01,AS-GEL-KAYANO-BLU,Running,158,9499,4600,9499.0,0,0,0,160,21
2024-05-01,AS-GEL-KAYANO-BLU,Running,156,9499,4600,9499.0,0,0,0,160,21
2024-06-01,AS-GEL-KAYANO-BLU,Running,154,9499,4600,9499.0,0,0,0,160,21
2024-07-01,AS-GEL-KAYANO-BLU,Running,140,9499,4600,9499.0,0,0,0,160,21
2024-08-01,AS-GEL-KAYANO-BLU,Running,184,9499,4600,9499.0,0,0,1,160,21
2024-09-01,AS-GEL-KAYANO-BLU,Running,156,9499,4600,9499.0,0,0,0,160,21
2024-10-01,AS-GEL-KAYANO-BLU,Running,206,9499,4600,9499.0,0,0,1,160,21
2024-11-01,AS-GEL-KAYANO-BLU,Running,254,9499,4600,7599.2,20,1,1,160,21
2024-12-01,AS-GEL-KAYANO-BLU,Running,193,9499,4600,9499.0,0,0,1,160,21
2025-01-01,AS-GEL-KAYANO-BLU,Running,298,9499,4600,7599.2,20,1,1,160,21
2025-02-01,AS-GEL-KAYANO-BLU,Running,212,9499,4600,9499.0,0,0,0,160,21
2025-03-01,AS-GEL-KAYANO-BLU,Running,214,9499,4600,9499.0,0,0,0,160,21
2025-04-01,AS-GEL-KAYANO-BLU,Running,166,9499,4600,9499.0,0,0,0,160,21
2025-05-01,AS-GEL-KAYANO-BLU,Running,143,9499,4600,9499.0,0,0,0,160,21
2025-06-01,AS-GEL-KAYANO-BLU,Running,169,9499,4600,9499.0,0,0,0,160,21
2025-07-01,AS-GEL-KAYANO-BLU,Running,171,9499,4600,9499.0,0,0,0,160,21
2025-08-01,AS-GEL-KAYANO-BLU,Running,233,9499,4600,9499.0,0,0,1,160,21
2025-09-01,AS-GEL-KAYANO-BLU,Running,169,9499,4600,9499.0,0,0,0,160,21
2025-10-01,AS-GEL-KAYANO-BLU,Running,232,9499,4600,9499.0,0,0,1,160,21
2025-11-01,AS-GEL-KAYANO-BLU,Running,268,9499,4600,7599.2,20,1,1,160,21
2025-12-01,AS-GEL-KAYANO-BLU,Running,185,9499,4600,9499.0,0,0,1,160,21
2026-01-01,AS-GEL-KAYANO-BLU,Running,300,9499,4600,7599.2,20,1,1,160,21
2026-02-01,AS-GEL-KAYANO-BLU,Running,232,9499,4600,9499.0,0,0,0,160,21
2026-03-01,AS-GEL-KAYANO-BLU,Running,233,9499,4600,9499.0,0,0,0,160,21
2026-04-01,AS-GEL-KAYANO-BLU,Running,167,9499,4600,9499.0,0,0,0,160,21
2026-05-01,AS-GEL-KAYANO-BLU,Running,198,9499,4600,9499.0,0,0,0,160,21
2023-01-01,NB-FRESH-GRY,Running,172,6999,3200,6999.0,0,0,1,95,14
2023-02-01,NB-FRESH-GRY,Running,174,6999,3200,6999.0,0,0,0,95,14
2023-03-01,NB-FRESH-GRY,Running,195,6999,3200,6999.0,0,0,0,95,14
2023-04-01,NB-FRESH-GRY,Running,110,6999,3200,6999.0,0,0,0,95,14
2023-05-01,NB-FRESH-GRY,Running,117,6999,3200,6999.0,0,0,0,95,14
2023-06-01,NB-FRESH-GRY,Running,151,6999,3200,5949.15,15,1,0,95,14
2023-07-01,NB-FRESH-GRY,Running,119,6999,3200,6999.0,0,0,0,95,14
2023-08-01,NB-FRESH-GRY,Running,137,6999,3200,6999.0,0,0,1,95,14
2023-09-01,NB-FRESH-GRY,Running,129,6999,3200,6999.0,0,0,0,95,14
2023-10-01,NB-FRESH-GRY,Running,170,6999,3200,6999.0,0,0,1,95,14
2023-11-01,NB-FRESH-GRY,Running,191,6999,3200,6999.0,0,0,1,95,14
2023-12-01,NB-FRESH-GRY,Running,144,6999,3200,6999.0,0,0,1,95,14
2024-01-01,NB-FRESH-GRY,Running,222,6999,3200,6999.0,0,0,1,95,14
2024-02-01,NB-FRESH-GRY,Running,168,6999,3200,6999.0,0,0,0,95,14
2024-03-01,NB-FRESH-GRY,Running,175,6999,3200,6999.0,0,0,0,95,14
2024-04-01,NB-FRESH-GRY,Running,146,6999,3200,6999.0,0,0,0,95,14
2024-05-01,NB-FRESH-GRY,Running,120,6999,3200,6999.0,0,0,0,95,14
2024-06-01,NB-FRESH-GRY,Running,165,6999,3200,5949.15,15,1,0,95,14
2024-07-01,NB-FRESH-GRY,Running,155,6999,3200,6999.0,0,0,0,95,14
2024-08-01,NB-FRESH-GRY,Running,148,6999,3200,6999.0,0,0,1,95,14
2024-09-01,NB-FRESH-GRY,Running,142,6999,3200,6999.0,0,0,0,95,14
2024-10-01,NB-FRESH-GRY,Running,199,6999,3200,6999.0,0,0,1,95,14
2024-11-01,NB-FRESH-GRY,Running,207,6999,3200,6999.0,0,0,1,95,14
2024-12-01,NB-FRESH-GRY,Running,152,6999,3200,6999.0,0,0,1,95,14
2025-01-01,NB-FRESH-GRY,Running,197,6999,3200,6999.0,0,0,1,95,14
2025-02-01,NB-FRESH-GRY,Running,197,6999,3200,6999.0,0,0,0,95,14
2025-03-01,NB-FRESH-GRY,Running,195,6999,3200,6999.0,0,0,0,95,14
2025-04-01,NB-FRESH-GRY,Running,150,6999,3200,6999.0,0,0,0,95,14
2025-05-01,NB-FRESH-GRY,Running,153,6999,3200,6999.0,0,0,0,95,14
2025-06-01,NB-FRESH-GRY,Running,165,6999,3200,5949.15,15,1,0,95,14
2025-07-01,NB-FRESH-GRY,Running,153,6999,3200,6999.0,0,0,0,95,14
2025-08-01,NB-FRESH-GRY,Running,185,6999,3200,6999.0,0,0,1,95,14
2025-09-01,NB-FRESH-GRY,Running,143,6999,3200,6999.0,0,0,0,95,14
2025-10-01,NB-FRESH-GRY,Running,232,6999,3200,6999.0,0,0,1,95,14
2025-11-01,NB-FRESH-GRY,Running,215,6999,3200,6999.0,0,0,1,95,14
2025-12-01,NB-FRESH-GRY,Running,165,6999,3200,6999.0,0,0,1,95,14
2026-01-01,NB-FRESH-GRY,Running,235,6999,3200,6999.0,0,0,1,95,14
2026-02-01,NB-FRESH-GRY,Running,189,6999,3200,6999.0,0,0,0,95,14
2026-03-01,NB-FRESH-GRY,Running,213,6999,3200,6999.0,0,0,0,95,14
2026-04-01,NB-FRESH-GRY,Running,174,6999,3200,6999.0,0,0,0,95,14
2026-05-01,NB-FRESH-GRY,Running,149,6999,3200,6999.0,0,0,0,95,14
2023-01-01,NK-AIRFORCE-WHT,Sneakers,248,6999,3000,6999.0,0,0,1,310,10
2023-02-01,NK-AIRFORCE-WHT,Sneakers,216,6999,3000,6999.0,0,0,0,310,10
2023-03-01,NK-AIRFORCE-WHT,Sneakers,223,6999,3000,6999.0,0,0,0,310,10
2023-04-01,NK-AIRFORCE-WHT,Sneakers,238,6999,3000,6999.0,0,0,0,310,10
2023-05-01,NK-AIRFORCE-WHT,Sneakers,256,6999,3000,6999.0,0,0,0,310,10
2023-06-01,NK-AIRFORCE-WHT,Sneakers,250,6999,3000,6999.0,0,0,0,310,10
2023-07-01,NK-AIRFORCE-WHT,Sneakers,249,6999,3000,6999.0,0,0,0,310,10
2023-08-01,NK-AIRFORCE-WHT,Sneakers,281,6999,3000,6999.0,0,0,1,310,10
2023-09-01,NK-AIRFORCE-WHT,Sneakers,217,6999,3000,6999.0,0,0,0,310,10
2023-10-01,NK-AIRFORCE-WHT,Sneakers,337,6999,3000,5599.2,20,1,1,310,10
2023-11-01,NK-AIRFORCE-WHT,Sneakers,338,6999,3000,5599.2,20,1,1,310,10
2023-12-01,NK-AIRFORCE-WHT,Sneakers,257,6999,3000,6999.0,0,0,1,310,10
2024-01-01,NK-AIRFORCE-WHT,Sneakers,247,6999,3000,6999.0,0,0,1,310,10
2024-02-01,NK-AIRFORCE-WHT,Sneakers,242,6999,3000,6999.0,0,0,0,310,10
2024-03-01,NK-AIRFORCE-WHT,Sneakers,221,6999,3000,6999.0,0,0,0,310,10
2024-04-01,NK-AIRFORCE-WHT,Sneakers,260,6999,3000,6999.0,0,0,0,310,10
2024-05-01,NK-AIRFORCE-WHT,Sneakers,279,6999,3000,6999.0,0,0,0,310,10
2024-06-01,NK-AIRFORCE-WHT,Sneakers,261,6999,3000,6999.0,0,0,0,310,10
2024-07-01,NK-AIRFORCE-WHT,Sneakers,259,6999,3000,6999.0,0,0,0,310,10
2024-08-01,NK-AIRFORCE-WHT,Sneakers,310,6999,3000,6999.0,0,0,1,310,10
2024-09-01,NK-AIRFORCE-WHT,Sneakers,227,6999,3000,6999.0,0,0,0,310,10
2024-10-01,NK-AIRFORCE-WHT,Sneakers,354,6999,3000,5599.2,20,1,1,310,10
2024-11-01,NK-AIRFORCE-WHT,Sneakers,352,6999,3000,5599.2,20,1,1,310,10
2024-12-01,NK-AIRFORCE-WHT,Sneakers,257,6999,3000,6999.0,0,0,1,310,10
2025-01-01,NK-AIRFORCE-WHT,Sneakers,248,6999,3000,6999.0,0,0,1,310,10
2025-02-01,NK-AIRFORCE-WHT,Sneakers,215,6999,3000,6999.0,0,0,0,310,10
2025-03-01,NK-AIRFORCE-WHT,Sneakers,230,6999,3000,6999.0,0,0,0,310,10
2025-04-01,NK-AIRFORCE-WHT,Sneakers,248,6999,3000,6999.0,0,0,0,310,10
2025-05-01,NK-AIRFORCE-WHT,Sneakers,286,6999,3000,6999.0,0,0,0,310,10
2025-06-01,NK-AIRFORCE-WHT,Sneakers,268,6999,3000,6999.0,0,0,0,310,10
2025-07-01,NK-AIRFORCE-WHT,Sneakers,287,6999,3000,6999.0,0,0,0,310,10
2025-08-01,NK-AIRFORCE-WHT,Sneakers,321,6999,3000,6999.0,0,0,1,310,10
2025-09-01,NK-AIRFORCE-WHT,Sneakers,231,6999,3000,6999.0,0,0,0,310,10
2025-10-01,NK-AIRFORCE-WHT,Sneakers,359,6999,3000,5599.2,20,1,1,310,10
2025-11-01,NK-AIRFORCE-WHT,Sneakers,359,6999,3000,5599.2,20,1,1,310,10
2025-12-01,NK-AIRFORCE-WHT,Sneakers,255,6999,3000,6999.0,0,0,1,310,10
2026-01-01,NK-AIRFORCE-WHT,Sneakers,276,6999,3000,6999.0,0,0,1,310,10
2026-02-01,NK-AIRFORCE-WHT,Sneakers,254,6999,3000,6999.0,0,0,0,310,10
2026-03-01,NK-AIRFORCE-WHT,Sneakers,262,6999,3000,6999.0,0,0,0,310,10
2026-04-01,NK-AIRFORCE-WHT,Sneakers,263,6999,3000,6999.0,0,0,0,310,10
2026-05-01,NK-AIRFORCE-WHT,Sneakers,277,6999,3000,6999.0,0,0,0,310,10
2023-01-01,AD-STAN-SMITH-WHT,Sneakers,203,5999,2600,5999.0,0,0,1,175,10
2023-02-01,AD-STAN-SMITH-WHT,Sneakers,198,5999,2600,5999.0,0,0,0,175,10
2023-03-01,AD-STAN-SMITH-WHT,Sneakers,199,5999,2600,5999.0,0,0,0,175,10
2023-04-01,AD-STAN-SMITH-WHT,Sneakers,200,5999,2600,5999.0,0,0,0,175,10
2023-05-01,AD-STAN-SMITH-WHT,Sneakers,289,5999,2600,5999.0,0,0,0,175,10
2023-06-01,AD-STAN-SMITH-WHT,Sneakers,247,5999,2600,5999.0,0,0,0,175,10
2023-07-01,AD-STAN-SMITH-WHT,Sneakers,256,5999,2600,5999.0,0,0,0,175,10
2023-08-01,AD-STAN-SMITH-WHT,Sneakers,239,5999,2600,5999.0,0,0,1,175,10
2023-09-01,AD-STAN-SMITH-WHT,Sneakers,206,5999,2600,5999.0,0,0,0,175,10
2023-10-01,AD-STAN-SMITH-WHT,Sneakers,290,5999,2600,5099.15,15,1,1,175,10
2023-11-01,AD-STAN-SMITH-WHT,Sneakers,305,5999,2600,5099.15,15,1,1,175,10
2023-12-01,AD-STAN-SMITH-WHT,Sneakers,216,5999,2600,5999.0,0,0,1,175,10
2024-01-01,AD-STAN-SMITH-WHT,Sneakers,224,5999,2600,5999.0,0,0,1,175,10
2024-02-01,AD-STAN-SMITH-WHT,Sneakers,197,5999,2600,5999.0,0,0,0,175,10
2024-03-01,AD-STAN-SMITH-WHT,Sneakers,205,5999,2600,5999.0,0,0,0,175,10
2024-04-01,AD-STAN-SMITH-WHT,Sneakers,235,5999,2600,5999.0,0,0,0,175,10
2024-05-01,AD-STAN-SMITH-WHT,Sneakers,227,5999,2600,5999.0,0,0,0,175,10
2024-06-01,AD-STAN-SMITH-WHT,Sneakers,261,5999,2600,5999.0,0,0,0,175,10
2024-07-01,AD-STAN-SMITH-WHT,Sneakers,232,5999,2600,5999.0,0,0,0,175,10
2024-08-01,AD-STAN-SMITH-WHT,Sneakers,233,5999,2600,5999.0,0,0,1,175,10
2024-09-01,AD-STAN-SMITH-WHT,Sneakers,224,5999,2600,5999.0,0,0,0,175,10
2024-10-01,AD-STAN-SMITH-WHT,Sneakers,307,5999,2600,5099.15,15,1,1,175,10
2024-11-01,AD-STAN-SMITH-WHT,Sneakers,293,5999,2600,5099.15,15,1,1,175,10
2024-12-01,AD-STAN-SMITH-WHT,Sneakers,229,5999,2600,5999.0,0,0,1,175,10
2025-01-01,AD-STAN-SMITH-WHT,Sneakers,248,5999,2600,5999.0,0,0,1,175,10
2025-02-01,AD-STAN-SMITH-WHT,Sneakers,206,5999,2600,5999.0,0,0,0,175,10
2025-03-01,AD-STAN-SMITH-WHT,Sneakers,219,5999,2600,5999.0,0,0,0,175,10
2025-04-01,AD-STAN-SMITH-WHT,Sneakers,218,5999,2600,5999.0,0,0,0,175,10
2025-05-01,AD-STAN-SMITH-WHT,Sneakers,255,5999,2600,5999.0,0,0,0,175,10
2025-06-01,AD-STAN-SMITH-WHT,Sneakers,292,5999,2600,5999.0,0,0,0,175,10
2025-07-01,AD-STAN-SMITH-WHT,Sneakers,273,5999,2600,5999.0,0,0,0,175,10
2025-08-01,AD-STAN-SMITH-WHT,Sneakers,225,5999,2600,5999.0,0,0,1,175,10
2025-09-01,AD-STAN-SMITH-WHT,Sneakers,224,5999,2600,5999.0,0,0,0,175,10
2025-10-01,AD-STAN-SMITH-WHT,Sneakers,309,5999,2600,5099.15,15,1,1,175,10
2025-11-01,AD-STAN-SMITH-WHT,Sneakers,330,5999,2600,5099.15,15,1,1,175,10
2025-12-01,AD-STAN-SMITH-WHT,Sneakers,240,5999,2600,5999.0,0,0,1,175,10
2026-01-01,AD-STAN-SMITH-WHT,Sneakers,250,5999,2600,5999.0,0,0,1,175,10
2026-02-01,AD-STAN-SMITH-WHT,Sneakers,234,5999,2600,5999.0,0,0,0,175,10
2026-03-01,AD-STAN-SMITH-WHT,Sneakers,239,5999,2600,5999.0,0,0,0,175,10
2026-04-01,AD-STAN-SMITH-WHT,Sneakers,213,5999,2600,5999.0,0,0,0,175,10
2026-05-01,AD-STAN-SMITH-WHT,Sneakers,271,5999,2600,5999.0,0,0,0,175,10
2023-01-01,PU-COURT-BLK,Sneakers,169,3999,1700,3999.0,0,0,1,140,14
2023-02-01,PU-COURT-BLK,Sneakers,143,3999,1700,3999.0,0,0,0,140,14
2023-03-01,PU-COURT-BLK,Sneakers,175,3999,1700,3999.0,0,0,0,140,14
2023-04-01,PU-COURT-BLK,Sneakers,203,3999,1700,3999.0,0,0,0,140,14
2023-05-01,PU-COURT-BLK,Sneakers,183,3999,1700,3999.0,0,0,0,140,14
2023-06-01,PU-COURT-BLK,Sneakers,212,3999,1700,3999.0,0,0,0,140,14
2023-07-01,PU-COURT-BLK,Sneakers,184,3999,1700,3999.0,0,0,0,140,14
2023-08-01,PU-COURT-BLK,Sneakers,200,3999,1700,3999.0,0,0,1,140,14
2023-09-01,PU-COURT-BLK,Sneakers,138,3999,1700,3999.0,0,0,0,140,14
2023-10-01,PU-COURT-BLK,Sneakers,250,3999,1700,3199.2,20,1,1,140,14
2023-11-01,PU-COURT-BLK,Sneakers,273,3999,1700,3199.2,20,1,1,140,14
2023-12-01,PU-COURT-BLK,Sneakers,177,3999,1700,3999.0,0,0,1,140,14
2024-01-01,PU-COURT-BLK,Sneakers,193,3999,1700,3999.0,0,0,1,140,14
2024-02-01,PU-COURT-BLK,Sneakers,173,3999,1700,3999.0,0,0,0,140,14
2024-03-01,PU-COURT-BLK,Sneakers,152,3999,1700,3999.0,0,0,0,140,14
2024-04-01,PU-COURT-BLK,Sneakers,209,3999,1700,3999.0,0,0,0,140,14
2024-05-01,PU-COURT-BLK,Sneakers,169,3999,1700,3999.0,0,0,0,140,14
2024-06-01,PU-COURT-BLK,Sneakers,199,3999,1700,3999.0,0,0,0,140,14
2024-07-01,PU-COURT-BLK,Sneakers,165,3999,1700,3999.0,0,0,0,140,14
2024-08-01,PU-COURT-BLK,Sneakers,183,3999,1700,3999.0,0,0,1,140,14
2024-09-01,PU-COURT-BLK,Sneakers,191,3999,1700,3999.0,0,0,0,140,14
2024-10-01,PU-COURT-BLK,Sneakers,249,3999,1700,3199.2,20,1,1,140,14
2024-11-01,PU-COURT-BLK,Sneakers,263,3999,1700,3199.2,20,1,1,140,14
2024-12-01,PU-COURT-BLK,Sneakers,200,3999,1700,3999.0,0,0,1,140,14
2025-01-01,PU-COURT-BLK,Sneakers,218,3999,1700,3999.0,0,0,1,140,14
2025-02-01,PU-COURT-BLK,Sneakers,156,3999,1700,3999.0,0,0,0,140,14
2025-03-01,PU-COURT-BLK,Sneakers,191,3999,1700,3999.0,0,0,0,140,14
2025-04-01,PU-COURT-BLK,Sneakers,222,3999,1700,3999.0,0,0,0,140,14
2025-05-01,PU-COURT-BLK,Sneakers,210,3999,1700,3999.0,0,0,0,140,14
2025-06-01,PU-COURT-BLK,Sneakers,230,3999,1700,3999.0,0,0,0,140,14
2025-07-01,PU-COURT-BLK,Sneakers,183,3999,1700,3999.0,0,0,0,140,14
2025-08-01,PU-COURT-BLK,Sneakers,203,3999,1700,3999.0,0,0,1,140,14
2025-09-01,PU-COURT-BLK,Sneakers,183,3999,1700,3999.0,0,0,0,140,14
2025-10-01,PU-COURT-BLK,Sneakers,275,3999,1700,3199.2,20,1,1,140,14
2025-11-01,PU-COURT-BLK,Sneakers,282,3999,1700,3199.2,20,1,1,140,14
2025-12-01,PU-COURT-BLK,Sneakers,219,3999,1700,3999.0,0,0,1,140,14
2026-01-01,PU-COURT-BLK,Sneakers,232,3999,1700,3999.0,0,0,1,140,14
2026-02-01,PU-COURT-BLK,Sneakers,171,3999,1700,3999.0,0,0,0,140,14
2026-03-01,PU-COURT-BLK,Sneakers,216,3999,1700,3999.0,0,0,0,140,14
2026-04-01,PU-COURT-BLK,Sneakers,209,3999,1700,3999.0,0,0,0,140,14
2026-05-01,PU-COURT-BLK,Sneakers,233,3999,1700,3999.0,0,0,0,140,14
2023-01-01,VN-OLDSKOOL-BLK,Sneakers,198,4499,1900,4499.0,0,0,1,200,7
2023-02-01,VN-OLDSKOOL-BLK,Sneakers,170,4499,1900,4499.0,0,0,0,200,7
2023-03-01,VN-OLDSKOOL-BLK,Sneakers,159,4499,1900,4499.0,0,0,0,200,7
2023-04-01,VN-OLDSKOOL-BLK,Sneakers,165,4499,1900,4499.0,0,0,0,200,7
2023-05-01,VN-OLDSKOOL-BLK,Sneakers,163,4499,1900,4499.0,0,0,0,200,7
2023-06-01,VN-OLDSKOOL-BLK,Sneakers,207,4499,1900,4499.0,0,0,0,200,7
2023-07-01,VN-OLDSKOOL-BLK,Sneakers,227,4499,1900,4499.0,0,0,0,200,7
2023-08-01,VN-OLDSKOOL-BLK,Sneakers,252,4499,1900,4499.0,0,0,1,200,7
2023-09-01,VN-OLDSKOOL-BLK,Sneakers,164,4499,1900,4499.0,0,0,0,200,7
2023-10-01,VN-OLDSKOOL-BLK,Sneakers,241,4499,1900,4499.0,0,0,1,200,7
2023-11-01,VN-OLDSKOOL-BLK,Sneakers,292,4499,1900,3374.25,25,1,1,200,7
2023-12-01,VN-OLDSKOOL-BLK,Sneakers,270,4499,1900,3374.25,25,1,1,200,7
2024-01-01,VN-OLDSKOOL-BLK,Sneakers,210,4499,1900,4499.0,0,0,1,200,7
2024-02-01,VN-OLDSKOOL-BLK,Sneakers,167,4499,1900,4499.0,0,0,0,200,7
2024-03-01,VN-OLDSKOOL-BLK,Sneakers,172,4499,1900,4499.0,0,0,0,200,7
2024-04-01,VN-OLDSKOOL-BLK,Sneakers,190,4499,1900,4499.0,0,0,0,200,7
2024-05-01,VN-OLDSKOOL-BLK,Sneakers,189,4499,1900,4499.0,0,0,0,200,7
2024-06-01,VN-OLDSKOOL-BLK,Sneakers,227,4499,1900,4499.0,0,0,0,200,7
2024-07-01,VN-OLDSKOOL-BLK,Sneakers,230,4499,1900,4499.0,0,0,0,200,7
2024-08-01,VN-OLDSKOOL-BLK,Sneakers,276,4499,1900,4499.0,0,0,1,200,7
2024-09-01,VN-OLDSKOOL-BLK,Sneakers,177,4499,1900,4499.0,0,0,0,200,7
2024-10-01,VN-OLDSKOOL-BLK,Sneakers,248,4499,1900,4499.0,0,0,1,200,7
2024-11-01,VN-OLDSKOOL-BLK,Sneakers,297,4499,1900,3374.25,25,1,1,200,7
2024-12-01,VN-OLDSKOOL-BLK,Sneakers,268,4499,1900,3374.25,25,1,1,200,7
2025-01-01,VN-OLDSKOOL-BLK,Sneakers,228,4499,1900,4499.0,0,0,1,200,7
2025-02-01,VN-OLDSKOOL-BLK,Sneakers,201,4499,1900,4499.0,0,0,0,200,7
2025-03-01,VN-OLDSKOOL-BLK,Sneakers,202,4499,1900,4499.0,0,0,0,200,7
2025-04-01,VN-OLDSKOOL-BLK,Sneakers,209,4499,1900,4499.0,0,0,0,200,7
2025-05-01,VN-OLDSKOOL-BLK,Sneakers,193,4499,1900,4499.0,0,0,0,200,7
2025-06-01,VN-OLDSKOOL-BLK,Sneakers,248,4499,1900,4499.0,0,0,0,200,7
2025-07-01,VN-OLDSKOOL-BLK,Sneakers,236,4499,1900,4499.0,0,0,0,200,7
2025-08-01,VN-OLDSKOOL-BLK,Sneakers,275,4499,1900,4499.0,0,0,1,200,7
2025-09-01,VN-OLDSKOOL-BLK,Sneakers,195,4499,1900,4499.0,0,0,0,200,7
2025-10-01,VN-OLDSKOOL-BLK,Sneakers,254,4499,1900,4499.0,0,0,1,200,7
2025-11-01,VN-OLDSKOOL-BLK,Sneakers,320,4499,1900,3374.25,25,1,1,200,7
2025-12-01,VN-OLDSKOOL-BLK,Sneakers,272,4499,1900,3374.25,25,1,1,200,7
2026-01-01,VN-OLDSKOOL-BLK,Sneakers,253,4499,1900,4499.0,0,0,1,200,7
2026-02-01,VN-OLDSKOOL-BLK,Sneakers,189,4499,1900,4499.0,0,0,0,200,7
2026-03-01,VN-OLDSKOOL-BLK,Sneakers,187,4499,1900,4499.0,0,0,0,200,7
2026-04-01,VN-OLDSKOOL-BLK,Sneakers,219,4499,1900,4499.0,0,0,0,200,7
2026-05-01,VN-OLDSKOOL-BLK,Sneakers,215,4499,1900,4499.0,0,0,0,200,7
2023-01-01,SK-SLIP-ON-GRY,Casual,163,2999,1200,2999.0,0,0,1,155,7
2023-02-01,SK-SLIP-ON-GRY,Casual,139,2999,1200,2999.0,0,0,0,155,7
2023-03-01,SK-SLIP-ON-GRY,Casual,132,2999,1200,2999.0,0,0,0,155,7
2023-04-01,SK-SLIP-ON-GRY,Casual,166,2999,1200,2999.0,0,0,0,155,7
2023-05-01,SK-SLIP-ON-GRY,Casual,180,2999,1200,2999.0,0,0,0,155,7
2023-06-01,SK-SLIP-ON-GRY,Casual,171,2999,1200,2999.0,0,0,0,155,7
2023-07-01,SK-SLIP-ON-GRY,Casual,149,2999,1200,2999.0,0,0,0,155,7
2023-08-01,SK-SLIP-ON-GRY,Casual,165,2999,1200,2999.0,0,0,1,155,7
2023-09-01,SK-SLIP-ON-GRY,Casual,127,2999,1200,2999.0,0,0,0,155,7
2023-10-01,SK-SLIP-ON-GRY,Casual,226,2999,1200,2399.2,20,1,1,155,7
2023-11-01,SK-SLIP-ON-GRY,Casual,236,2999,1200,2399.2,20,1,1,155,7
2023-12-01,SK-SLIP-ON-GRY,Casual,159,2999,1200,2999.0,0,0,1,155,7
2024-01-01,SK-SLIP-ON-GRY,Casual,156,2999,1200,2999.0,0,0,1,155,7
2024-02-01,SK-SLIP-ON-GRY,Casual,146,2999,1200,2999.0,0,0,0,155,7
2024-03-01,SK-SLIP-ON-GRY,Casual,147,2999,1200,2999.0,0,0,0,155,7
2024-04-01,SK-SLIP-ON-GRY,Casual,183,2999,1200,2999.0,0,0,0,155,7
2024-05-01,SK-SLIP-ON-GRY,Casual,185,2999,1200,2999.0,0,0,0,155,7
2024-06-01,SK-SLIP-ON-GRY,Casual,195,2999,1200,2999.0,0,0,0,155,7
2024-07-01,SK-SLIP-ON-GRY,Casual,129,2999,1200,2999.0,0,0,0,155,7
2024-08-01,SK-SLIP-ON-GRY,Casual,161,2999,1200,2999.0,0,0,1,155,7
2024-09-01,SK-SLIP-ON-GRY,Casual,141,2999,1200,2999.0,0,0,0,155,7
2024-10-01,SK-SLIP-ON-GRY,Casual,239,2999,1200,2399.2,20,1,1,155,7
2024-11-01,SK-SLIP-ON-GRY,Casual,247,2999,1200,2399.2,20,1,1,155,7
2024-12-01,SK-SLIP-ON-GRY,Casual,197,2999,1200,2999.0,0,0,1,155,7
2025-01-01,SK-SLIP-ON-GRY,Casual,190,2999,1200,2999.0,0,0,1,155,7
2025-02-01,SK-SLIP-ON-GRY,Casual,153,2999,1200,2999.0,0,0,0,155,7
2025-03-01,SK-SLIP-ON-GRY,Casual,156,2999,1200,2999.0,0,0,0,155,7
2025-04-01,SK-SLIP-ON-GRY,Casual,189,2999,1200,2999.0,0,0,0,155,7
2025-05-01,SK-SLIP-ON-GRY,Casual,203,2999,1200,2999.0,0,0,0,155,7
2025-06-01,SK-SLIP-ON-GRY,Casual,200,2999,1200,2999.0,0,0,0,155,7
2025-07-01,SK-SLIP-ON-GRY,Casual,164,2999,1200,2999.0,0,0,0,155,7
2025-08-01,SK-SLIP-ON-GRY,Casual,180,2999,1200,2999.0,0,0,1,155,7
2025-09-01,SK-SLIP-ON-GRY,Casual,169,2999,1200,2999.0,0,0,0,155,7
2025-10-01,SK-SLIP-ON-GRY,Casual,274,2999,1200,2399.2,20,1,1,155,7
2025-11-01,SK-SLIP-ON-GRY,Casual,254,2999,1200,2399.2,20,1,1,155,7
2025-12-01,SK-SLIP-ON-GRY,Casual,195,2999,1200,2999.0,0,0,1,155,7
2026-01-01,SK-SLIP-ON-GRY,Casual,200,2999,1200,2999.0,0,0,1,155,7
2026-02-01,SK-SLIP-ON-GRY,Casual,162,2999,1200,2999.0,0,0,0,155,7
2026-03-01,SK-SLIP-ON-GRY,Casual,171,2999,1200,2999.0,0,0,0,155,7
2026-04-01,SK-SLIP-ON-GRY,Casual,214,2999,1200,2999.0,0,0,0,155,7
2026-05-01,SK-SLIP-ON-GRY,Casual,216,2999,1200,2999.0,0,0,0,155,7
2023-01-01,BT-LOAFER-BRN,Casual,110,3499,1500,3499.0,0,0,1,80,14
2023-02-01,BT-LOAFER-BRN,Casual,96,3499,1500,3499.0,0,0,0,80,14
2023-03-01,BT-LOAFER-BRN,Casual,103,3499,1500,3499.0,0,0,0,80,14
2023-04-01,BT-LOAFER-BRN,Casual,117,3499,1500,3499.0,0,0,0,80,14
2023-05-01,BT-LOAFER-BRN,Casual,111,3499,1500,3499.0,0,0,0,80,14
2023-06-01,BT-LOAFER-BRN,Casual,128,3499,1500,3499.0,0,0,0,80,14
2023-07-01,BT-LOAFER-BRN,Casual,91,3499,1500,3499.0,0,0,0,80,14
2023-08-01,BT-LOAFER-BRN,Casual,143,3499,1500,3499.0,0,0,1,80,14
2023-09-01,BT-LOAFER-BRN,Casual,150,3499,1500,3499.0,0,0,0,80,14
2023-10-01,BT-LOAFER-BRN,Casual,232,3499,1500,3499.0,0,0,1,80,14
2023-11-01,BT-LOAFER-BRN,Casual,214,3499,1500,2974.15,15,1,1,80,14
2023-12-01,BT-LOAFER-BRN,Casual,120,3499,1500,3499.0,0,0,1,80,14
2024-01-01,BT-LOAFER-BRN,Casual,124,3499,1500,3499.0,0,0,1,80,14
2024-02-01,BT-LOAFER-BRN,Casual,80,3499,1500,3499.0,0,0,0,80,14
2024-03-01,BT-LOAFER-BRN,Casual,102,3499,1500,3499.0,0,0,0,80,14
2024-04-01,BT-LOAFER-BRN,Casual,100,3499,1500,3499.0,0,0,0,80,14
2024-05-01,BT-LOAFER-BRN,Casual,113,3499,1500,3499.0,0,0,0,80,14
2024-06-01,BT-LOAFER-BRN,Casual,116,3499,1500,3499.0,0,0,0,80,14
2024-07-01,BT-LOAFER-BRN,Casual,137,3499,1500,3499.0,0,0,0,80,14
2024-08-01,BT-LOAFER-BRN,Casual,156,3499,1500,3499.0,0,0,1,80,14
2024-09-01,BT-LOAFER-BRN,Casual,153,3499,1500,3499.0,0,0,0,80,14
2024-10-01,BT-LOAFER-BRN,Casual,204,3499,1500,3499.0,0,0,1,80,14
2024-11-01,BT-LOAFER-BRN,Casual,243,3499,1500,2974.15,15,1,1,80,14
2024-12-01,BT-LOAFER-BRN,Casual,126,3499,1500,3499.0,0,0,1,80,14
2025-01-01,BT-LOAFER-BRN,Casual,168,3499,1500,3499.0,0,0,1,80,14
2025-02-01,BT-LOAFER-BRN,Casual,135,3499,1500,3499.0,0,0,0,80,14
2025-03-01,BT-LOAFER-BRN,Casual,115,3499,1500,3499.0,0,0,0,80,14
2025-04-01,BT-LOAFER-BRN,Casual,100,3499,1500,3499.0,0,0,0,80,14
2025-05-01,BT-LOAFER-BRN,Casual,141,3499,1500,3499.0,0,0,0,80,14
2025-06-01,BT-LOAFER-BRN,Casual,123,3499,1500,3499.0,0,0,0,80,14
2025-07-01,BT-LOAFER-BRN,Casual,141,3499,1500,3499.0,0,0,0,80,14
2025-08-01,BT-LOAFER-BRN,Casual,135,3499,1500,3499.0,0,0,1,80,14
2025-09-01,BT-LOAFER-BRN,Casual,164,3499,1500,3499.0,0,0,0,80,14
2025-10-01,BT-LOAFER-BRN,Casual,228,3499,1500,3499.0,0,0,1,80,14
2025-11-01,BT-LOAFER-BRN,Casual,250,3499,1500,2974.15,15,1,1,80,14
2025-12-01,BT-LOAFER-BRN,Casual,149,3499,1500,3499.0,0,0,1,80,14
2026-01-01,BT-LOAFER-BRN,Casual,164,3499,1500,3499.0,0,0,1,80,14
2026-02-01,BT-LOAFER-BRN,Casual,118,3499,1500,3499.0,0,0,0,80,14
2026-03-01,BT-LOAFER-BRN,Casual,131,3499,1500,3499.0,0,0,0,80,14
2026-04-01,BT-LOAFER-BRN,Casual,136,3499,1500,3499.0,0,0,0,80,14
2026-05-01,BT-LOAFER-BRN,Casual,142,3499,1500,3499.0,0,0,0,80,14
2023-01-01,NK-TANJUN-BLK,Casual,209,3499,1450,3499.0,0,0,1,210,7
2023-02-01,NK-TANJUN-BLK,Casual,161,3499,1450,3499.0,0,0,0,210,7
2023-03-01,NK-TANJUN-BLK,Casual,157,3499,1450,3499.0,0,0,0,210,7
2023-04-01,NK-TANJUN-BLK,Casual,195,3499,1450,3499.0,0,0,0,210,7
2023-05-01,NK-TANJUN-BLK,Casual,228,3499,1450,3499.0,0,0,0,210,7
2023-06-01,NK-TANJUN-BLK,Casual,215,3499,1450,3499.0,0,0,0,210,7
2023-07-01,NK-TANJUN-BLK,Casual,246,3499,1450,3499.0,0,0,0,210,7
2023-08-01,NK-TANJUN-BLK,Casual,214,3499,1450,3499.0,0,0,1,210,7
2023-09-01,NK-TANJUN-BLK,Casual,198,3499,1450,3499.0,0,0,0,210,7
2023-10-01,NK-TANJUN-BLK,Casual,289,3499,1450,2799.2,20,1,1,210,7
2023-11-01,NK-TANJUN-BLK,Casual,316,3499,1450,2799.2,20,1,1,210,7
2023-12-01,NK-TANJUN-BLK,Casual,283,3499,1450,2799.2,20,1,1,210,7
2024-01-01,NK-TANJUN-BLK,Casual,209,3499,1450,3499.0,0,0,1,210,7
2024-02-01,NK-TANJUN-BLK,Casual,201,3499,1450,3499.0,0,0,0,210,7
2024-03-01,NK-TANJUN-BLK,Casual,197,3499,1450,3499.0,0,0,0,210,7
2024-04-01,NK-TANJUN-BLK,Casual,208,3499,1450,3499.0,0,0,0,210,7
2024-05-01,NK-TANJUN-BLK,Casual,223,3499,1450,3499.0,0,0,0,210,7
2024-06-01,NK-TANJUN-BLK,Casual,246,3499,1450,3499.0,0,0,0,210,7
2024-07-01,NK-TANJUN-BLK,Casual,252,3499,1450,3499.0,0,0,0,210,7
2024-08-01,NK-TANJUN-BLK,Casual,201,3499,1450,3499.0,0,0,1,210,7
2024-09-01,NK-TANJUN-BLK,Casual,180,3499,1450,3499.0,0,0,0,210,7
2024-10-01,NK-TANJUN-BLK,Casual,273,3499,1450,2799.2,20,1,1,210,7
2024-11-01,NK-TANJUN-BLK,Casual,297,3499,1450,2799.2,20,1,1,210,7
2024-12-01,NK-TANJUN-BLK,Casual,281,3499,1450,2799.2,20,1,1,210,7
2025-01-01,NK-TANJUN-BLK,Casual,244,3499,1450,3499.0,0,0,1,210,7
2025-02-01,NK-TANJUN-BLK,Casual,201,3499,1450,3499.0,0,0,0,210,7
2025-03-01,NK-TANJUN-BLK,Casual,222,3499,1450,3499.0,0,0,0,210,7
2025-04-01,NK-TANJUN-BLK,Casual,184,3499,1450,3499.0,0,0,0,210,7
2025-05-01,NK-TANJUN-BLK,Casual,226,3499,1450,3499.0,0,0,0,210,7
2025-06-01,NK-TANJUN-BLK,Casual,248,3499,1450,3499.0,0,0,0,210,7
2025-07-01,NK-TANJUN-BLK,Casual,255,3499,1450,3499.0,0,0,0,210,7
2025-08-01,NK-TANJUN-BLK,Casual,236,3499,1450,3499.0,0,0,1,210,7
2025-09-01,NK-TANJUN-BLK,Casual,180,3499,1450,3499.0,0,0,0,210,7
2025-10-01,NK-TANJUN-BLK,Casual,311,3499,1450,2799.2,20,1,1,210,7
2025-11-01,NK-TANJUN-BLK,Casual,296,3499,1450,2799.2,20,1,1,210,7
2025-12-01,NK-TANJUN-BLK,Casual,293,3499,1450,2799.2,20,1,1,210,7
2026-01-01,NK-TANJUN-BLK,Casual,241,3499,1450,3499.0,0,0,1,210,7
2026-02-01,NK-TANJUN-BLK,Casual,200,3499,1450,3499.0,0,0,0,210,7
2026-03-01,NK-TANJUN-BLK,Casual,206,3499,1450,3499.0,0,0,0,210,7
2026-04-01,NK-TANJUN-BLK,Casual,200,3499,1450,3499.0,0,0,0,210,7
2026-05-01,NK-TANJUN-BLK,Casual,259,3499,1450,3499.0,0,0,0,210,7
2023-01-01,TM-DESERT-BRN,Boots,147,5999,2800,5999.0,0,0,1,65,21
2023-02-01,TM-DESERT-BRN,Boots,98,5999,2800,5999.0,0,0,0,65,21
2023-03-01,TM-DESERT-BRN,Boots,119,5999,2800,5999.0,0,0,0,65,21
2023-04-01,TM-DESERT-BRN,Boots,106,5999,2800,5999.0,0,0,0,65,21
2023-05-01,TM-DESERT-BRN,Boots,104,5999,2800,5999.0,0,0,0,65,21
2023-06-01,TM-DESERT-BRN,Boots,114,5999,2800,5999.0,0,0,0,65,21
2023-07-01,TM-DESERT-BRN,Boots,103,5999,2800,5999.0,0,0,0,65,21
2023-08-01,TM-DESERT-BRN,Boots,140,5999,2800,5999.0,0,0,1,65,21
2023-09-01,TM-DESERT-BRN,Boots,102,5999,2800,5999.0,0,0,0,65,21
2023-10-01,TM-DESERT-BRN,Boots,268,5999,2800,5099.15,15,1,1,65,21
2023-11-01,TM-DESERT-BRN,Boots,220,5999,2800,5999.0,0,0,1,65,21
2023-12-01,TM-DESERT-BRN,Boots,182,5999,2800,5999.0,0,0,1,65,21
2024-01-01,TM-DESERT-BRN,Boots,150,5999,2800,5999.0,0,0,1,65,21
2024-02-01,TM-DESERT-BRN,Boots,122,5999,2800,5999.0,0,0,0,65,21
2024-03-01,TM-DESERT-BRN,Boots,121,5999,2800,5999.0,0,0,0,65,21
2024-04-01,TM-DESERT-BRN,Boots,133,5999,2800,5999.0,0,0,0,65,21
2024-05-01,TM-DESERT-BRN,Boots,136,5999,2800,5999.0,0,0,0,65,21
2024-06-01,TM-DESERT-BRN,Boots,120,5999,2800,5999.0,0,0,0,65,21
2024-07-01,TM-DESERT-BRN,Boots,121,5999,2800,5999.0,0,0,0,65,21
2024-08-01,TM-DESERT-BRN,Boots,155,5999,2800,5999.0,0,0,1,65,21
2024-09-01,TM-DESERT-BRN,Boots,100,5999,2800,5999.0,0,0,0,65,21
2024-10-01,TM-DESERT-BRN,Boots,234,5999,2800,5099.15,15,1,1,65,21
2024-11-01,TM-DESERT-BRN,Boots,250,5999,2800,5999.0,0,0,1,65,21
2024-12-01,TM-DESERT-BRN,Boots,224,5999,2800,5999.0,0,0,1,65,21
2025-01-01,TM-DESERT-BRN,Boots,156,5999,2800,5999.0,0,0,1,65,21
2025-02-01,TM-DESERT-BRN,Boots,142,5999,2800,5999.0,0,0,0,65,21
2025-03-01,TM-DESERT-BRN,Boots,140,5999,2800,5999.0,0,0,0,65,21
2025-04-01,TM-DESERT-BRN,Boots,177,5999,2800,5999.0,0,0,0,65,21
2025-05-01,TM-DESERT-BRN,Boots,153,5999,2800,5999.0,0,0,0,65,21
2025-06-01,TM-DESERT-BRN,Boots,137,5999,2800,5999.0,0,0,0,65,21
2025-07-01,TM-DESERT-BRN,Boots,128,5999,2800,5999.0,0,0,0,65,21
2025-08-01,TM-DESERT-BRN,Boots,150,5999,2800,5999.0,0,0,1,65,21
2025-09-01,TM-DESERT-BRN,Boots,145,5999,2800,5999.0,0,0,0,65,21
2025-10-01,TM-DESERT-BRN,Boots,256,5999,2800,5099.15,15,1,1,65,21
2025-11-01,TM-DESERT-BRN,Boots,226,5999,2800,5999.0,0,0,1,65,21
2025-12-01,TM-DESERT-BRN,Boots,207,5999,2800,5999.0,0,0,1,65,21
2026-01-01,TM-DESERT-BRN,Boots,157,5999,2800,5999.0,0,0,1,65,21
2026-02-01,TM-DESERT-BRN,Boots,169,5999,2800,5999.0,0,0,0,65,21
2026-03-01,TM-DESERT-BRN,Boots,159,5999,2800,5999.0,0,0,0,65,21
2026-04-01,TM-DESERT-BRN,Boots,149,5999,2800,5999.0,0,0,0,65,21
2026-05-01,TM-DESERT-BRN,Boots,169,5999,2800,5999.0,0,0,0,65,21
2023-01-01,CL-ANKLE-BLK,Boots,111,4999,2300,4999.0,0,0,1,48,21
2023-02-01,CL-ANKLE-BLK,Boots,75,4999,2300,4999.0,0,0,0,48,21
2023-03-01,CL-ANKLE-BLK,Boots,107,4999,2300,4999.0,0,0,0,48,21
2023-04-01,CL-ANKLE-BLK,Boots,95,4999,2300,4999.0,0,0,0,48,21
2023-05-01,CL-ANKLE-BLK,Boots,76,4999,2300,4999.0,0,0,0,48,21
2023-06-01,CL-ANKLE-BLK,Boots,88,4999,2300,4999.0,0,0,0,48,21
2023-07-01,CL-ANKLE-BLK,Boots,80,4999,2300,4999.0,0,0,0,48,21
2023-08-01,CL-ANKLE-BLK,Boots,104,4999,2300,4999.0,0,0,1,48,21
2023-09-01,CL-ANKLE-BLK,Boots,105,4999,2300,4999.0,0,0,0,48,21
2023-10-01,CL-ANKLE-BLK,Boots,219,4999,2300,4999.0,0,0,1,48,21
2023-11-01,CL-ANKLE-BLK,Boots,201,4999,2300,3999.2,20,1,1,48,21
2023-12-01,CL-ANKLE-BLK,Boots,173,4999,2300,4999.0,0,0,1,48,21
2024-01-01,CL-ANKLE-BLK,Boots,114,4999,2300,4999.0,0,0,1,48,21
2024-02-01,CL-ANKLE-BLK,Boots,92,4999,2300,4999.0,0,0,0,48,21
2024-03-01,CL-ANKLE-BLK,Boots,91,4999,2300,4999.0,0,0,0,48,21
2024-04-01,CL-ANKLE-BLK,Boots,89,4999,2300,4999.0,0,0,0,48,21
2024-05-01,CL-ANKLE-BLK,Boots,102,4999,2300,4999.0,0,0,0,48,21
2024-06-01,CL-ANKLE-BLK,Boots,91,4999,2300,4999.0,0,0,0,48,21
2024-07-01,CL-ANKLE-BLK,Boots,107,4999,2300,4999.0,0,0,0,48,21
2024-08-01,CL-ANKLE-BLK,Boots,133,4999,2300,4999.0,0,0,1,48,21
2024-09-01,CL-ANKLE-BLK,Boots,102,4999,2300,4999.0,0,0,0,48,21
2024-10-01,CL-ANKLE-BLK,Boots,194,4999,2300,4999.0,0,0,1,48,21
2024-11-01,CL-ANKLE-BLK,Boots,224,4999,2300,3999.2,20,1,1,48,21
2024-12-01,CL-ANKLE-BLK,Boots,188,4999,2300,4999.0,0,0,1,48,21
2025-01-01,CL-ANKLE-BLK,Boots,141,4999,2300,4999.0,0,0,1,48,21
2025-02-01,CL-ANKLE-BLK,Boots,97,4999,2300,4999.0,0,0,0,48,21
2025-03-01,CL-ANKLE-BLK,Boots,112,4999,2300,4999.0,0,0,0,48,21
2025-04-01,CL-ANKLE-BLK,Boots,122,4999,2300,4999.0,0,0,0,48,21
2025-05-01,CL-ANKLE-BLK,Boots,91,4999,2300,4999.0,0,0,0,48,21
2025-06-01,CL-ANKLE-BLK,Boots,121,4999,2300,4999.0,0,0,0,48,21
2025-07-01,CL-ANKLE-BLK,Boots,106,4999,2300,4999.0,0,0,0,48,21
2025-08-01,CL-ANKLE-BLK,Boots,153,4999,2300,4999.0,0,0,1,48,21
2025-09-01,CL-ANKLE-BLK,Boots,107,4999,2300,4999.0,0,0,0,48,21
2025-10-01,CL-ANKLE-BLK,Boots,195,4999,2300,4999.0,0,0,1,48,21
2025-11-01,CL-ANKLE-BLK,Boots,222,4999,2300,3999.2,20,1,1,48,21
2025-12-01,CL-ANKLE-BLK,Boots,191,4999,2300,4999.0,0,0,1,48,21
2026-01-01,CL-ANKLE-BLK,Boots,149,4999,2300,4999.0,0,0,1,48,21
2026-02-01,CL-ANKLE-BLK,Boots,110,4999,2300,4999.0,0,0,0,48,21
2026-03-01,CL-ANKLE-BLK,Boots,131,4999,2300,4999.0,0,0,0,48,21
2026-04-01,CL-ANKLE-BLK,Boots,102,4999,2300,4999.0,0,0,0,48,21
2026-05-01,CL-ANKLE-BLK,Boots,124,4999,2300,4999.0,0,0,0,48,21
2023-01-01,WD-CHELSEA-TAN,Boots,79,5499,2600,5499.0,0,0,1,35,21
2023-02-01,WD-CHELSEA-TAN,Boots,63,5499,2600,5499.0,0,0,0,35,21
2023-03-01,WD-CHELSEA-TAN,Boots,73,5499,2600,5499.0,0,0,0,35,21
2023-04-01,WD-CHELSEA-TAN,Boots,62,5499,2600,5499.0,0,0,0,35,21
2023-05-01,WD-CHELSEA-TAN,Boots,69,5499,2600,5499.0,0,0,0,35,21
2023-06-01,WD-CHELSEA-TAN,Boots,88,5499,2600,5499.0,0,0,0,35,21
2023-07-01,WD-CHELSEA-TAN,Boots,69,5499,2600,5499.0,0,0,0,35,21
2023-08-01,WD-CHELSEA-TAN,Boots,118,5499,2600,5499.0,0,0,1,35,21
2023-09-01,WD-CHELSEA-TAN,Boots,63,5499,2600,5499.0,0,0,0,35,21
2023-10-01,WD-CHELSEA-TAN,Boots,201,5499,2600,4674.15,15,1,1,35,21
2023-11-01,WD-CHELSEA-TAN,Boots,214,5499,2600,4674.15,15,1,1,35,21
2023-12-01,WD-CHELSEA-TAN,Boots,119,5499,2600,5499.0,0,0,1,35,21
2024-01-01,WD-CHELSEA-TAN,Boots,97,5499,2600,5499.0,0,0,1,35,21
2024-02-01,WD-CHELSEA-TAN,Boots,91,5499,2600,5499.0,0,0,0,35,21
2024-03-01,WD-CHELSEA-TAN,Boots,81,5499,2600,5499.0,0,0,0,35,21
2024-04-01,WD-CHELSEA-TAN,Boots,90,5499,2600,5499.0,0,0,0,35,21
2024-05-01,WD-CHELSEA-TAN,Boots,78,5499,2600,5499.0,0,0,0,35,21
2024-06-01,WD-CHELSEA-TAN,Boots,88,5499,2600,5499.0,0,0,0,35,21
2024-07-01,WD-CHELSEA-TAN,Boots,86,5499,2600,5499.0,0,0,0,35,21
2024-08-01,WD-CHELSEA-TAN,Boots,134,5499,2600,5499.0,0,0,1,35,21
2024-09-01,WD-CHELSEA-TAN,Boots,93,5499,2600,5499.0,0,0,0,35,21
2024-10-01,WD-CHELSEA-TAN,Boots,210,5499,2600,4674.15,15,1,1,35,21
2024-11-01,WD-CHELSEA-TAN,Boots,202,5499,2600,4674.15,15,1,1,35,21
2024-12-01,WD-CHELSEA-TAN,Boots,157,5499,2600,5499.0,0,0,1,35,21
2025-01-01,WD-CHELSEA-TAN,Boots,113,5499,2600,5499.0,0,0,1,35,21
2025-02-01,WD-CHELSEA-TAN,Boots,100,5499,2600,5499.0,0,0,0,35,21
2025-03-01,WD-CHELSEA-TAN,Boots,91,5499,2600,5499.0,0,0,0,35,21
2025-04-01,WD-CHELSEA-TAN,Boots,101,5499,2600,5499.0,0,0,0,35,21
2025-05-01,WD-CHELSEA-TAN,Boots,125,5499,2600,5499.0,0,0,0,35,21
2025-06-01,WD-CHELSEA-TAN,Boots,110,5499,2600,5499.0,0,0,0,35,21
2025-07-01,WD-CHELSEA-TAN,Boots,96,5499,2600,5499.0,0,0,0,35,21
2025-08-01,WD-CHELSEA-TAN,Boots,147,5499,2600,5499.0,0,0,1,35,21
2025-09-01,WD-CHELSEA-TAN,Boots,97,5499,2600,5499.0,0,0,0,35,21
2025-10-01,WD-CHELSEA-TAN,Boots,192,5499,2600,4674.15,15,1,1,35,21
2025-11-01,WD-CHELSEA-TAN,Boots,206,5499,2600,4674.15,15,1,1,35,21
2025-12-01,WD-CHELSEA-TAN,Boots,151,5499,2600,5499.0,0,0,1,35,21
2026-01-01,WD-CHELSEA-TAN,Boots,126,5499,2600,5499.0,0,0,1,35,21
2026-02-01,WD-CHELSEA-TAN,Boots,107,5499,2600,5499.0,0,0,0,35,21
2026-03-01,WD-CHELSEA-TAN,Boots,130,5499,2600,5499.0,0,0,0,35,21
2026-04-01,WD-CHELSEA-TAN,Boots,113,5499,2600,5499.0,0,0,0,35,21
2026-05-01,WD-CHELSEA-TAN,Boots,107,5499,2600,5499.0,0,0,0,35,21
2023-01-01,NK-MERCURIAL-RED,Football,181,5499,2400,5499.0,0,0,1,170,14
2023-02-01,NK-MERCURIAL-RED,Football,117,5499,2400,5499.0,0,0,0,170,14
2023-03-01,NK-MERCURIAL-RED,Football,150,5499,2400,5499.0,0,0,0,170,14
2023-04-01,NK-MERCURIAL-RED,Football,158,5499,2400,5499.0,0,0,0,170,14
2023-05-01,NK-MERCURIAL-RED,Football,130,5499,2400,5499.0,0,0,0,170,14
2023-06-01,NK-MERCURIAL-RED,Football,240,5499,2400,4674.15,15,1,0,170,14
2023-07-01,NK-MERCURIAL-RED,Football,230,5499,2400,4674.15,15,1,0,170,14
2023-08-01,NK-MERCURIAL-RED,Football,222,5499,2400,5499.0,0,0,1,170,14
2023-09-01,NK-MERCURIAL-RED,Football,206,5499,2400,5499.0,0,0,0,170,14
2023-10-01,NK-MERCURIAL-RED,Football,239,5499,2400,5499.0,0,0,1,170,14
2023-11-01,NK-MERCURIAL-RED,Football,212,5499,2400,5499.0,0,0,1,170,14
2023-12-01,NK-MERCURIAL-RED,Football,184,5499,2400,5499.0,0,0,1,170,14
2024-01-01,NK-MERCURIAL-RED,Football,176,5499,2400,5499.0,0,0,1,170,14
2024-02-01,NK-MERCURIAL-RED,Football,147,5499,2400,5499.0,0,0,0,170,14
2024-03-01,NK-MERCURIAL-RED,Football,170,5499,2400,5499.0,0,0,0,170,14
2024-04-01,NK-MERCURIAL-RED,Football,149,5499,2400,5499.0,0,0,0,170,14
2024-05-01,NK-MERCURIAL-RED,Football,162,5499,2400,5499.0,0,0,0,170,14
2024-06-01,NK-MERCURIAL-RED,Football,231,5499,2400,4674.15,15,1,0,170,14
2024-07-01,NK-MERCURIAL-RED,Football,244,5499,2400,4674.15,15,1,0,170,14
2024-08-01,NK-MERCURIAL-RED,Football,243,5499,2400,5499.0,0,0,1,170,14
2024-09-01,NK-MERCURIAL-RED,Football,223,5499,2400,5499.0,0,0,0,170,14
2024-10-01,NK-MERCURIAL-RED,Football,214,5499,2400,5499.0,0,0,1,170,14
2024-11-01,NK-MERCURIAL-RED,Football,218,5499,2400,5499.0,0,0,1,170,14
2024-12-01,NK-MERCURIAL-RED,Football,180,5499,2400,5499.0,0,0,1,170,14
2025-01-01,NK-MERCURIAL-RED,Football,188,5499,2400,5499.0,0,0,1,170,14
2025-02-01,NK-MERCURIAL-RED,Football,175,5499,2400,5499.0,0,0,0,170,14
2025-03-01,NK-MERCURIAL-RED,Football,181,5499,2400,5499.0,0,0,0,170,14
2025-04-01,NK-MERCURIAL-RED,Football,160,5499,2400,5499.0,0,0,0,170,14
2025-05-01,NK-MERCURIAL-RED,Football,184,5499,2400,5499.0,0,0,0,170,14
2025-06-01,NK-MERCURIAL-RED,Football,267,5499,2400,4674.15,15,1,0,170,14
2025-07-01,NK-MERCURIAL-RED,Football,255,5499,2400,4674.15,15,1,0,170,14
2025-08-01,NK-MERCURIAL-RED,Football,275,5499,2400,5499.0,0,0,1,170,14
2025-09-01,NK-MERCURIAL-RED,Football,212,5499,2400,5499.0,0,0,0,170,14
2025-10-01,NK-MERCURIAL-RED,Football,217,5499,2400,5499.0,0,0,1,170,14
2025-11-01,NK-MERCURIAL-RED,Football,211,5499,2400,5499.0,0,0,1,170,14
2025-12-01,NK-MERCURIAL-RED,Football,224,5499,2400,5499.0,0,0,1,170,14
2026-01-01,NK-MERCURIAL-RED,Football,215,5499,2400,5499.0,0,0,1,170,14
2026-02-01,NK-MERCURIAL-RED,Football,181,5499,2400,5499.0,0,0,0,170,14
2026-03-01,NK-MERCURIAL-RED,Football,187,5499,2400,5499.0,0,0,0,170,14
2026-04-01,NK-MERCURIAL-RED,Football,169,5499,2400,5499.0,0,0,0,170,14
2026-05-01,NK-MERCURIAL-RED,Football,217,5499,2400,5499.0,0,0,0,170,14
2023-01-01,AD-PREDATOR-BLK,Football,157,5999,2700,5999.0,0,0,1,120,14
2023-02-01,AD-PREDATOR-BLK,Football,132,5999,2700,5999.0,0,0,0,120,14
2023-03-01,AD-PREDATOR-BLK,Football,141,5999,2700,5999.0,0,0,0,120,14
2023-04-01,AD-PREDATOR-BLK,Football,139,5999,2700,5999.0,0,0,0,120,14
2023-05-01,AD-PREDATOR-BLK,Football,137,5999,2700,5999.0,0,0,0,120,14
2023-06-01,AD-PREDATOR-BLK,Football,188,5999,2700,5399.1,10,1,0,120,14
2023-07-01,AD-PREDATOR-BLK,Football,187,5999,2700,5999.0,0,0,0,120,14
2023-08-01,AD-PREDATOR-BLK,Football,236,5999,2700,5999.0,0,0,1,120,14
2023-09-01,AD-PREDATOR-BLK,Football,155,5999,2700,5999.0,0,0,0,120,14
2023-10-01,AD-PREDATOR-BLK,Football,215,5999,2700,5999.0,0,0,1,120,14
2023-11-01,AD-PREDATOR-BLK,Football,188,5999,2700,5999.0,0,0,1,120,14
2023-12-01,AD-PREDATOR-BLK,Football,153,5999,2700,5999.0,0,0,1,120,14
2024-01-01,AD-PREDATOR-BLK,Football,165,5999,2700,5999.0,0,0,1,120,14
2024-02-01,AD-PREDATOR-BLK,Football,144,5999,2700,5999.0,0,0,0,120,14
2024-03-01,AD-PREDATOR-BLK,Football,158,5999,2700,5999.0,0,0,0,120,14
2024-04-01,AD-PREDATOR-BLK,Football,123,5999,2700,5999.0,0,0,0,120,14
2024-05-01,AD-PREDATOR-BLK,Football,166,5999,2700,5999.0,0,0,0,120,14
2024-06-01,AD-PREDATOR-BLK,Football,208,5999,2700,5399.1,10,1,0,120,14
2024-07-01,AD-PREDATOR-BLK,Football,187,5999,2700,5999.0,0,0,0,120,14
2024-08-01,AD-PREDATOR-BLK,Football,211,5999,2700,5999.0,0,0,1,120,14
2024-09-01,AD-PREDATOR-BLK,Football,128,5999,2700,5999.0,0,0,0,120,14
2024-10-01,AD-PREDATOR-BLK,Football,217,5999,2700,5999.0,0,0,1,120,14
2024-11-01,AD-PREDATOR-BLK,Football,208,5999,2700,5999.0,0,0,1,120,14
2024-12-01,AD-PREDATOR-BLK,Football,161,5999,2700,5999.0,0,0,1,120,14
2025-01-01,AD-PREDATOR-BLK,Football,162,5999,2700,5999.0,0,0,1,120,14
2025-02-01,AD-PREDATOR-BLK,Football,151,5999,2700,5999.0,0,0,0,120,14
2025-03-01,AD-PREDATOR-BLK,Football,178,5999,2700,5999.0,0,0,0,120,14
2025-04-01,AD-PREDATOR-BLK,Football,154,5999,2700,5999.0,0,0,0,120,14
2025-05-01,AD-PREDATOR-BLK,Football,138,5999,2700,5999.0,0,0,0,120,14
2025-06-01,AD-PREDATOR-BLK,Football,219,5999,2700,5399.1,10,1,0,120,14
2025-07-01,AD-PREDATOR-BLK,Football,201,5999,2700,5999.0,0,0,0,120,14
2025-08-01,AD-PREDATOR-BLK,Football,201,5999,2700,5999.0,0,0,1,120,14
2025-09-01,AD-PREDATOR-BLK,Football,161,5999,2700,5999.0,0,0,0,120,14
2025-10-01,AD-PREDATOR-BLK,Football,215,5999,2700,5999.0,0,0,1,120,14
2025-11-01,AD-PREDATOR-BLK,Football,228,5999,2700,5999.0,0,0,1,120,14
2025-12-01,AD-PREDATOR-BLK,Football,214,5999,2700,5999.0,0,0,1,120,14
2026-01-01,AD-PREDATOR-BLK,Football,206,5999,2700,5999.0,0,0,1,120,14
2026-02-01,AD-PREDATOR-BLK,Football,164,5999,2700,5999.0,0,0,0,120,14
2026-03-01,AD-PREDATOR-BLK,Football,154,5999,2700,5999.0,0,0,0,120,14
2026-04-01,AD-PREDATOR-BLK,Football,202,5999,2700,5999.0,0,0,0,120,14
2026-05-01,AD-PREDATOR-BLK,Football,171,5999,2700,5999.0,0,0,0,120,14
2023-01-01,PU-EVOSPEED-YLW,Football,120,3999,1700,3999.0,0,0,1,75,14
2023-02-01,PU-EVOSPEED-YLW,Football,96,3999,1700,3999.0,0,0,0,75,14
2023-03-01,PU-EVOSPEED-YLW,Football,100,3999,1700,3999.0,0,0,0,75,14
2023-04-01,PU-EVOSPEED-YLW,Football,96,3999,1700,3999.0,0,0,0,75,14
2023-05-01,PU-EVOSPEED-YLW,Football,92,3999,1700,3999.0,0,0,0,75,14
2023-06-01,PU-EVOSPEED-YLW,Football,165,3999,1700,3199.2,20,1,0,75,14
2023-07-01,PU-EVOSPEED-YLW,Football,173,3999,1700,3199.2,20,1,0,75,14
2023-08-01,PU-EVOSPEED-YLW,Football,170,3999,1700,3999.0,0,0,1,75,14
2023-09-01,PU-EVOSPEED-YLW,Football,94,3999,1700,3999.0,0,0,0,75,14
2023-10-01,PU-EVOSPEED-YLW,Football,160,3999,1700,3999.0,0,0,1,75,14
2023-11-01,PU-EVOSPEED-YLW,Football,157,3999,1700,3999.0,0,0,1,75,14
2023-12-01,PU-EVOSPEED-YLW,Football,151,3999,1700,3999.0,0,0,1,75,14
2024-01-01,PU-EVOSPEED-YLW,Football,98,3999,1700,3999.0,0,0,1,75,14
2024-02-01,PU-EVOSPEED-YLW,Football,122,3999,1700,3999.0,0,0,0,75,14
2024-03-01,PU-EVOSPEED-YLW,Football,125,3999,1700,3999.0,0,0,0,75,14
2024-04-01,PU-EVOSPEED-YLW,Football,83,3999,1700,3999.0,0,0,0,75,14
2024-05-01,PU-EVOSPEED-YLW,Football,107,3999,1700,3999.0,0,0,0,75,14
2024-06-01,PU-EVOSPEED-YLW,Football,179,3999,1700,3199.2,20,1,0,75,14
2024-07-01,PU-EVOSPEED-YLW,Football,167,3999,1700,3199.2,20,1,0,75,14
2024-08-01,PU-EVOSPEED-YLW,Football,179,3999,1700,3999.0,0,0,1,75,14
2024-09-01,PU-EVOSPEED-YLW,Football,101,3999,1700,3999.0,0,0,0,75,14
2024-10-01,PU-EVOSPEED-YLW,Football,194,3999,1700,3999.0,0,0,1,75,14
2024-11-01,PU-EVOSPEED-YLW,Football,184,3999,1700,3999.0,0,0,1,75,14
2024-12-01,PU-EVOSPEED-YLW,Football,160,3999,1700,3999.0,0,0,1,75,14
2025-01-01,PU-EVOSPEED-YLW,Football,153,3999,1700,3999.0,0,0,1,75,14
2025-02-01,PU-EVOSPEED-YLW,Football,105,3999,1700,3999.0,0,0,0,75,14
2025-03-01,PU-EVOSPEED-YLW,Football,114,3999,1700,3999.0,0,0,0,75,14
2025-04-01,PU-EVOSPEED-YLW,Football,128,3999,1700,3999.0,0,0,0,75,14
2025-05-01,PU-EVOSPEED-YLW,Football,107,3999,1700,3999.0,0,0,0,75,14
2025-06-01,PU-EVOSPEED-YLW,Football,205,3999,1700,3199.2,20,1,0,75,14
2025-07-01,PU-EVOSPEED-YLW,Football,194,3999,1700,3199.2,20,1,0,75,14
2025-08-01,PU-EVOSPEED-YLW,Football,196,3999,1700,3999.0,0,0,1,75,14
2025-09-01,PU-EVOSPEED-YLW,Football,136,3999,1700,3999.0,0,0,0,75,14
2025-10-01,PU-EVOSPEED-YLW,Football,189,3999,1700,3999.0,0,0,1,75,14
2025-11-01,PU-EVOSPEED-YLW,Football,179,3999,1700,3999.0,0,0,1,75,14
2025-12-01,PU-EVOSPEED-YLW,Football,170,3999,1700,3999.0,0,0,1,75,14
2026-01-01,PU-EVOSPEED-YLW,Football,142,3999,1700,3999.0,0,0,1,75,14
2026-02-01,PU-EVOSPEED-YLW,Football,140,3999,1700,3999.0,0,0,0,75,14
2026-03-01,PU-EVOSPEED-YLW,Football,141,3999,1700,3999.0,0,0,0,75,14
2026-04-01,PU-EVOSPEED-YLW,Football,130,3999,1700,3999.0,0,0,0,75,14
2026-05-01,PU-EVOSPEED-YLW,Football,139,3999,1700,3999.0,0,0,0,75,14
2023-01-01,CL-FORMAL-BLK,Formal,89,2999,1300,2999.0,0,0,1,90,21
2023-02-01,CL-FORMAL-BLK,Formal,93,2999,1300,2999.0,0,0,0,90,21
2023-03-01,CL-FORMAL-BLK,Formal,80,2999,1300,2999.0,0,0,0,90,21
2023-04-01,CL-FORMAL-BLK,Formal,76,2999,1300,2999.0,0,0,0,90,21
2023-05-01,CL-FORMAL-BLK,Formal,98,2999,1300,2999.0,0,0,0,90,21
2023-06-01,CL-FORMAL-BLK,Formal,76,2999,1300,2999.0,0,0,0,90,21
2023-07-01,CL-FORMAL-BLK,Formal,68,2999,1300,2999.0,0,0,0,90,21
2023-08-01,CL-FORMAL-BLK,Formal,97,2999,1300,2999.0,0,0,1,90,21
2023-09-01,CL-FORMAL-BLK,Formal,141,2999,1300,2999.0,0,0,0,90,21
2023-10-01,CL-FORMAL-BLK,Formal,172,2999,1300,2999.0,0,0,1,90,21
2023-11-01,CL-FORMAL-BLK,Formal,179,2999,1300,2699.1,10,1,1,90,21
2023-12-01,CL-FORMAL-BLK,Formal,89,2999,1300,2999.0,0,0,1,90,21
2024-01-01,CL-FORMAL-BLK,Formal,139,2999,1300,2999.0,0,0,1,90,21
2024-02-01,CL-FORMAL-BLK,Formal,96,2999,1300,2999.0,0,0,0,90,21
2024-03-01,CL-FORMAL-BLK,Formal,93,2999,1300,2999.0,0,0,0,90,21
2024-04-01,CL-FORMAL-BLK,Formal,88,2999,1300,2999.0,0,0,0,90,21
2024-05-01,CL-FORMAL-BLK,Formal,101,2999,1300,2999.0,0,0,0,90,21
2024-06-01,CL-FORMAL-BLK,Formal,97,2999,1300,2999.0,0,0,0,90,21
2024-07-01,CL-FORMAL-BLK,Formal,112,2999,1300,2999.0,0,0,0,90,21
2024-08-01,CL-FORMAL-BLK,Formal,130,2999,1300,2999.0,0,0,1,90,21
2024-09-01,CL-FORMAL-BLK,Formal,147,2999,1300,2999.0,0,0,0,90,21
2024-10-01,CL-FORMAL-BLK,Formal,196,2999,1300,2999.0,0,0,1,90,21
2024-11-01,CL-FORMAL-BLK,Formal,167,2999,1300,2699.1,10,1,1,90,21
2024-12-01,CL-FORMAL-BLK,Formal,132,2999,1300,2999.0,0,0,1,90,21
2025-01-01,CL-FORMAL-BLK,Formal,107,2999,1300,2999.0,0,0,1,90,21
2025-02-01,CL-FORMAL-BLK,Formal,87,2999,1300,2999.0,0,0,0,90,21
2025-03-01,CL-FORMAL-BLK,Formal,116,2999,1300,2999.0,0,0,0,90,21
2025-04-01,CL-FORMAL-BLK,Formal,109,2999,1300,2999.0,0,0,0,90,21
2025-05-01,CL-FORMAL-BLK,Formal,106,2999,1300,2999.0,0,0,0,90,21
2025-06-01,CL-FORMAL-BLK,Formal,109,2999,1300,2999.0,0,0,0,90,21
2025-07-01,CL-FORMAL-BLK,Formal,115,2999,1300,2999.0,0,0,0,90,21
2025-08-01,CL-FORMAL-BLK,Formal,134,2999,1300,2999.0,0,0,1,90,21
2025-09-01,CL-FORMAL-BLK,Formal,147,2999,1300,2999.0,0,0,0,90,21
2025-10-01,CL-FORMAL-BLK,Formal,216,2999,1300,2999.0,0,0,1,90,21
2025-11-01,CL-FORMAL-BLK,Formal,167,2999,1300,2699.1,10,1,1,90,21
2025-12-01,CL-FORMAL-BLK,Formal,145,2999,1300,2999.0,0,0,1,90,21
2026-01-01,CL-FORMAL-BLK,Formal,119,2999,1300,2999.0,0,0,1,90,21
2026-02-01,CL-FORMAL-BLK,Formal,130,2999,1300,2999.0,0,0,0,90,21
2026-03-01,CL-FORMAL-BLK,Formal,124,2999,1300,2999.0,0,0,0,90,21
2026-04-01,CL-FORMAL-BLK,Formal,122,2999,1300,2999.0,0,0,0,90,21
2026-05-01,CL-FORMAL-BLK,Formal,133,2999,1300,2999.0,0,0,0,90,21
2023-01-01,BT-OXFORD-BRN,Formal,112,3499,1600,3499.0,0,0,1,55,21
2023-02-01,BT-OXFORD-BRN,Formal,79,3499,1600,3499.0,0,0,0,55,21
2023-03-01,BT-OXFORD-BRN,Formal,43,3499,1600,3499.0,0,0,0,55,21
2023-04-01,BT-OXFORD-BRN,Formal,51,3499,1600,3499.0,0,0,0,55,21
2023-05-01,BT-OXFORD-BRN,Formal,61,3499,1600,3499.0,0,0,0,55,21
2023-06-01,BT-OXFORD-BRN,Formal,70,3499,1600,3499.0,0,0,0,55,21
2023-07-01,BT-OXFORD-BRN,Formal,78,3499,1600,3499.0,0,0,0,55,21
2023-08-01,BT-OXFORD-BRN,Formal,93,3499,1600,3499.0,0,0,1,55,21
2023-09-01,BT-OXFORD-BRN,Formal,120,3499,1600,3499.0,0,0,0,55,21
2023-10-01,BT-OXFORD-BRN,Formal,178,3499,1600,2974.15,15,1,1,55,21
2023-11-01,BT-OXFORD-BRN,Formal,136,3499,1600,2974.15,15,1,1,55,21
2023-12-01,BT-OXFORD-BRN,Formal,83,3499,1600,3499.0,0,0,1,55,21
2024-01-01,BT-OXFORD-BRN,Formal,90,3499,1600,3499.0,0,0,1,55,21
2024-02-01,BT-OXFORD-BRN,Formal,60,3499,1600,3499.0,0,0,0,55,21
2024-03-01,BT-OXFORD-BRN,Formal,66,3499,1600,3499.0,0,0,0,55,21
2024-04-01,BT-OXFORD-BRN,Formal,94,3499,1600,3499.0,0,0,0,55,21
2024-05-01,BT-OXFORD-BRN,Formal,69,3499,1600,3499.0,0,0,0,55,21
2024-06-01,BT-OXFORD-BRN,Formal,116,3499,1600,3499.0,0,0,0,55,21
2024-07-01,BT-OXFORD-BRN,Formal,89,3499,1600,3499.0,0,0,0,55,21
2024-08-01,BT-OXFORD-BRN,Formal,116,3499,1600,3499.0,0,0,1,55,21
2024-09-01,BT-OXFORD-BRN,Formal,119,3499,1600,3499.0,0,0,0,55,21
2024-10-01,BT-OXFORD-BRN,Formal,209,3499,1600,2974.15,15,1,1,55,21
2024-11-01,BT-OXFORD-BRN,Formal,149,3499,1600,2974.15,15,1,1,55,21
2024-12-01,BT-OXFORD-BRN,Formal,115,3499,1600,3499.0,0,0,1,55,21
2025-01-01,BT-OXFORD-BRN,Formal,147,3499,1600,3499.0,0,0,1,55,21
2025-02-01,BT-OXFORD-BRN,Formal,89,3499,1600,3499.0,0,0,0,55,21
2025-03-01,BT-OXFORD-BRN,Formal,106,3499,1600,3499.0,0,0,0,55,21
2025-04-01,BT-OXFORD-BRN,Formal,83,3499,1600,3499.0,0,0,0,55,21
2025-05-01,BT-OXFORD-BRN,Formal,93,3499,1600,3499.0,0,0,0,55,21
2025-06-01,BT-OXFORD-BRN,Formal,117,3499,1600,3499.0,0,0,0,55,21
2025-07-01,BT-OXFORD-BRN,Formal,87,3499,1600,3499.0,0,0,0,55,21
2025-08-01,BT-OXFORD-BRN,Formal,150,3499,1600,3499.0,0,0,1,55,21
2025-09-01,BT-OXFORD-BRN,Formal,151,3499,1600,3499.0,0,0,0,55,21
2025-10-01,BT-OXFORD-BRN,Formal,205,3499,1600,2974.15,15,1,1,55,21
2025-11-01,BT-OXFORD-BRN,Formal,176,3499,1600,2974.15,15,1,1,55,21
2025-12-01,BT-OXFORD-BRN,Formal,138,3499,1600,3499.0,0,0,1,55,21
2026-01-01,BT-OXFORD-BRN,Formal,134,3499,1600,3499.0,0,0,1,55,21
2026-02-01,BT-OXFORD-BRN,Formal,82,3499,1600,3499.0,0,0,0,55,21
2026-03-01,BT-OXFORD-BRN,Formal,94,3499,1600,3499.0,0,0,0,55,21
2026-04-01,BT-OXFORD-BRN,Formal,101,3499,1600,3499.0,0,0,0,55,21
2026-05-01,BT-OXFORD-BRN,Formal,104,3499,1600,3499.0,0,0,0,55,21
